Metric,Value
R2 Score,0.8088831785462341
MAE,7.963904107178269
