Model,R² Score,MAE
Linear Regression,0.8088831785462341,7.963904107178269
Random Forest,0.7400164137672871,13.083265100671142
Gradient Boosting,0.7132637885265833,14.45788796853344
